﻿<?xml version="1.0" encoding="utf-8"?>
<Project ToolsVersion="Current" xmlns="http://schemas.microsoft.com/developer/msbuild/2003">
  <PropertyGroup>
    <IncludeCompositeObjects>True</IncludeCompositeObjects>
    <TargetDatabaseName>
    </TargetDatabaseName>
    <DeployScriptFileName>DB_API_Films.sql</DeployScriptFileName>
    <TargetConnectionString>Data Source=FORMA-VDI1705\TFTIC;Persist Security Info=True;User ID=sa;Pooling=False;MultipleActiveResultSets=False;Connect Timeout=60;Encrypt=False;TrustServerCertificate=False</TargetConnectionString>
    <ProfileVersionNumber>1</ProfileVersionNumber>
  </PropertyGroup>
</Project>